{
  "variant": "01_unet_l1",
  "config": {
    "image_size": 256,
    "batch_size": 16,
    "num_workers": 12,
    "epochs": 100,
    "lr": 0.0002,
    "lambda_l1": 100.0,
    "lambda_gan": 0.0,
    "lambda_perceptual": 0.0,
    "patience": 20,
    "early_stopping": true
  },
  "metrics": {
    "last": {
      "psnr": 16.764392852783203,
      "ssim": 0.8122873306274414,
      "lpips": 0.1953285187482834,
      "fid": 73.14460088659123
    },
    "best": {
      "psnr": 16.842538833618164,
      "ssim": 0.8134413361549377,
      "lpips": 0.1933291107416153,
      "fid": 89.49366435118549
    }
  }
}