{
  "variant": "02_pix2pix",
  "config": {
    "image_size": 256,
    "batch_size": 16,
    "num_workers": 12,
    "epochs": 100,
    "lr": 0.0002,
    "lambda_l1": 100.0,
    "lambda_gan": 1.0,
    "lambda_perceptual": 0.0,
    "discriminator_type": "patch",
    "early_stopping": false
  },
  "metrics": {
    "last": {
      "psnr": 16.196002960205078,
      "ssim": 0.7935820817947388,
      "lpips": 0.19683395326137543,
      "fid": 45.54487004496332
    },
    "best": {
      "psnr": 16.2730655670166,
      "ssim": 0.8002889752388,
      "lpips": 0.18954108655452728,
      "fid": 45.37771562391839
    }
  }
}