{
  "variant": "03_pix2pix_perceptual",
  "config": {
    "image_size": 256,
    "batch_size": 16,
    "num_workers": 12,
    "epochs": 100,
    "lr": 0.0002,
    "lambda_l1": 100.0,
    "lambda_gan": 1.0,
    "lambda_perceptual": 10.0,
    "discriminator_type": "patch",
    "early_stopping": false
  },
  "metrics": {
    "last": {
      "psnr": 16.117719650268555,
      "ssim": 0.8010917901992798,
      "lpips": 0.1895608901977539,
      "fid": 37.61120386187997
    },
    "best": {
      "psnr": 16.363985061645508,
      "ssim": 0.8112718462944031,
      "lpips": 0.19070729613304138,
      "fid": 42.59949570206737
    }
  }
}