{
  "psnr": 14.661712646484375,
  "ssim": 0.7844961881637573,
  "lpips": 0.2183801233768463,
  "fid": 48.04430751892227
}