{"train_G": [2.8985500888159357, 2.5005996555123473, 2.348331516719642, 2.305027130819413, 2.115791656571379, 2.151545537470162, 2.0999272459671654, 2.102405919535222, 2.087379875078512, 1.998757690358886, 2.0803554141883507, 2.0364941226148767, 2.0129586636550783, 1.9390204853898898, 2.0573407495383873, 1.9908286760172507, 2.030886699431927, 1.966069499908604, 1.9608901212802754, 1.9885227514265358, 1.9661626223437028, 1.9519314997912258, 1.9486151157938052, 1.9345483623688078, 1.8972459322824253, 1.9575374231027403, 1.9415274058605876, 1.8936664270335564, 1.9575973460188867, 1.908953139162439, 1.9417132747991281, 1.8003867590722404, 1.9186306799624715, 1.8981444917459993, 1.8743584987752484, 1.8878267438929315, 1.8877320302685952, 1.8746751096304946, 1.8516686514472531, 1.8956117456353556, 1.8580393169674483, 1.8511477077235252, 1.8476167777123682, 1.840292796174104, 1.8371120476749536, 1.835314161061436, 1.843433428065447, 1.8489227789057119, 1.8570482051010475, 1.8498960575183143], "train_D_color": [0.24538142682462763, 0.23765917684719454, 0.23202741703414542, 0.22359158231953266, 0.2216171264497582, 0.2232143400850862, 0.2235485482018093, 0.20990286896547933, 0.2119700658324733, 0.2096451942393026, 0.20665199521413602, 0.20697645126465872, 0.19855346397001242, 0.2059262638452753, 0.1983020697522351, 0.20093742080443489, 0.19203605935086482, 0.1980714075082936, 0.19674595592059488, 0.19462063772807106, 0.19912009747830903, 0.19002619376081314, 0.193386033600609, 0.1951610289379971, 0.19482134181180608, 0.18286410262399638, 0.18331490023139155, 0.1798244235477713, 0.1762181973049189, 0.17898349439006622, 0.17555746033838013, 0.171204101371802, 0.17699292547062156, 0.172740066245919, 0.17073388664204842, 0.17152828668297612, 0.16555999595089424, 0.16533945255710653, 0.16652884240250687, 0.1627800485142271, 0.1677674690033105, 0.162633042526929, 0.162269991163596, 0.1590362483608307, 0.15932065197575682, 0.15702353942933983, 0.1538210339295281, 0.15172609073372875, 0.1519548232584387, 0.16107272492099398], "train_D_sketch": [0.15327617710537966, 0.04004885785665868, 0.03129496027451835, 0.06843992360649265, 0.06590956587671654, 0.025002592255285297, 0.03160689585293901, 0.03344952849124459, 0.018546790466463813, 0.04471900184234389, 0.008629228068891225, 0.011479754280163087, 0.022303063275432765, 0.03593329193529972, 0.00365081139336123, 0.01739421508250288, 0.004978360058447434, 0.014478771735945022, 0.01281666648362033, 0.013784046253418019, 0.005781738519861012, 0.011015897608297711, 0.005175916998322002, 0.002806036014530726, 0.01655115313313911, 0.002360364720524557, 0.0028134210557772513, 0.030973823307729215, 0.0008361806777154391, 0.010298778059693573, 0.0005379274456975686, 0.046902074329573204, 0.001577262342247496, 0.0008377892178038336, 0.004665192485965902, 0.0011232751597431924, 0.004276189151149736, 0.00045159974713884825, 0.007570952816797966, 0.00220129309003316, 0.0002895722332044114, 0.0005671000615086835, 0.0011764881161414407, 0.00020360204454295696, 0.0007970451032039324, 0.00016830213078881324, 0.00015823546079422274, 0.00012624475179716835, 0.00015263932305679682, 0.0004289082998346978], "train_cycle": [0.14480611723004364, 0.09848250323829018, 0.08615876547154144, 0.08668581083106847, 0.07661678785137639, 0.07108455099777242, 0.06742035305280453, 0.0666381035364653, 0.06431170729176468, 0.06263811907681759, 0.05938821022385151, 0.05770515468017658, 0.056707566486686234, 0.057047626093717205, 0.056949151114165715, 0.054479264336794245, 0.053691985615695687, 0.05168014949164589, 0.051123305283595794, 0.052318016965994016, 0.049931969124869906, 0.04880074507800948, 0.04782298062084697, 0.046293606292309726, 0.04674985685728331, 0.0460430052303222, 0.04459557632828724, 0.048416946569396886, 0.04513161802084025, 0.043769401994704596, 0.045165424150308955, 0.04513632069489551, 0.04461359060437527, 0.04154803475136665, 0.04005932298890148, 0.041164241760499834, 0.041080532183805724, 0.03924139121943337, 0.039676342451791996, 0.040643001134487454, 0.03787418885032895, 0.03683857924511281, 0.036603235643822174, 0.0356514434507211, 0.03556288767362975, 0.03506963665589807, 0.034325450651464966, 0.03394233215394921, 0.03402768864209425, 0.03389990703109547], "train_idt": [0.12186713923393205, 0.07667677097977951, 0.06642344239282058, 0.06668734413658607, 0.05866089765992355, 0.054520397481620644, 0.05242517747663808, 0.05188791006510183, 0.04900380453415408, 0.04764254330746469, 0.045932228032696504, 0.04446847394791812, 0.044040284130022485, 0.042694413566205514, 0.04240261235445134, 0.04094568197379733, 0.04074273238228833, 0.03955863144026631, 0.03903714836553091, 0.041131282997337516, 0.038234191216503274, 0.037349127365026887, 0.03667787895553627, 0.03583984126738106, 0.03550717679844463, 0.035307464686393134, 0.03452203272138926, 0.03546641698930542, 0.033609710718610894, 0.033102642217833295, 0.0325782639618766, 0.032426008093511295, 0.03141440968872525, 0.03054712779287781, 0.030017004178625326, 0.029716892436113213, 0.029294581107451624, 0.028600408304880788, 0.028287956633587255, 0.027982711363520946, 0.02740995444491489, 0.026771859807476685, 0.026421484063904318, 0.025697659399398134, 0.02536371652418234, 0.024888382868420152, 0.02442837031233398, 0.024187538145304867, 0.02393513203664558, 0.023655415149101792], "val_l1": [0.24822127167974506, 0.24626652426547832, 0.2246674777151228, 0.25229045547343587, 0.2279261277468355, 0.2531652921089181, 0.23198360238257829, 0.25013444941860064, 0.2212457558861724, 0.26668168288898897, 0.2752456556300859, 0.20217970527104429, 0.23880822016849174, 0.2471590746898909, 0.2301947147593842, 0.22871681000735308, 0.21851378867218085, 0.211610765339018, 0.20267975055151158, 0.19996699959308178, 0.2112884141571887, 0.2032108930451376, 0.32867932480734746, 0.2084084223653819, 0.2315239263278944, 0.2028795974077405, 0.25270617961346564, 0.21095081465738313, 0.2468691606510867, 0.2359397569755176, 0.2560022674702309, 0.2410510313940478, 0.2347101130195566, 0.23789540785658467, 0.22699447754804078, 0.20821804519709167, 0.22368495683143805, 0.2042695781266367, 0.22950508848235412, 0.2026105104601598, 0.22794009281976804, 0.20254731916629518, 0.20272463412435204, 0.21189214081109106, 0.18375283785097235, 0.20497231964055482, 0.2191100932724841, 0.18994623909259703, 0.21027792996919906, 0.19743087995159733]}